<?xml version="1.0" encoding="UTF-8"?>

<document repository="default" id="Task386">
  <system>
    <type>RouteNode</type>
    <path>ParallelDocumentReviewPermanentRights/Task386</path>
    <lifecycle-state>validated</lifecycle-state>
    <lifecycle-policy>documentRouteElement</lifecycle-policy>
    <facet>facet-var_Task386</facet>
    <access-control/>
  </system>
  <schema xmlns:dc="http://www.nuxeo.org/ecm/schemas/dublincore/" name="dublincore">
    <dc:creator/>
    <dc:source/>
    <dc:nature/>
    <dc:contributors/>
    <dc:created/>
    <dc:description/>
    <dc:rights/>
    <dc:subjects/>
    <dc:publisher/>
    <dc:valid/>
    <dc:format/>
    <dc:issued/>
    <dc:modified/>
    <dc:language/>
    <dc:coverage/>
    <dc:expired/>
    <dc:lastContributor/>
    <dc:title><![CDATA[wf.ParallelDocumentReviewPermanentRights.chooseParticipants.title]]></dc:title>
  </schema>
  <schema xmlns:var_Task386="http://www.nuxeo.org/ecm/project/schemas/project1-t-pedrotooler75/var_Task386" name="var_Task386">
    <var_Task386:assignees/>
    <var_Task386:comment/>
  </schema>
  <schema xmlns:common="http://www.nuxeo.org/ecm/schemas/common/" name="common">
    <common:icon/>
    <common:icon-expanded/>
    <common:size/>
  </schema>
  <schema xmlns:rnode="http://www.nuxeo.org/ecm/schemas/route_node/" name="route_node">
    <rnode:lastActor/>
    <rnode:canceled/>
    <rnode:taskLayout><![CDATA[Task386@taskLayout]]></rnode:taskLayout>
    <rnode:taskButtons>
      <button>
        <name><![CDATA[cancel]]></name>
        <label><![CDATA[wf.ParallelDocumentReviewPermanentRights.cancel]]></label>
        <filter><![CDATA[]]></filter>
      </button>
      <button>
        <name><![CDATA[start_review]]></name>
        <label><![CDATA[wf.ParallelDocumentReviewPermanentRights.startReview]]></label>
        <filter><![CDATA[]]></filter>
      </button>
    </rnode:taskButtons>
    <rnode:executeOnlyFirstTransition><![CDATA[false]]></rnode:executeOnlyFirstTransition>
    <rnode:stop><![CDATA[false]]></rnode:stop>
    <rnode:button/>
    <rnode:taskDocType><![CDATA[TaskDoc]]></rnode:taskDocType>
    <rnode:start><![CDATA[false]]></rnode:start>
    <rnode:startDate/>
    <rnode:taskNotificationTemplate/>
    <rnode:transitions>
      <transition>
        <chain><![CDATA[NRD-AC-PRPR-UnlockDocument]]></chain>
        <condition><![CDATA[NodeVariables["button"] =="cancel"]]></condition>
        <name><![CDATA[prl_cancelationTask386]]></name>
        <targetId><![CDATA[Task383]]></targetId>
        <label><![CDATA[prl_cancelation]]></label>
      </transition>
      <transition>
        <chain><![CDATA[]]></chain>
        <condition><![CDATA[NodeVariables["button"] =="start_review"]]></condition>
        <name><![CDATA[prl_review_startTask386]]></name>
        <targetId><![CDATA[Task387]]></targetId>
        <label><![CDATA[prl_review_start]]></label>
      </transition>
    </rnode:transitions>
    <rnode:nodeId><![CDATA[Task386]]></rnode:nodeId>
    <rnode:hasMultipleTasks><![CDATA[false]]></rnode:hasMultipleTasks>
    <rnode:outputChain><![CDATA[NRD-AC-PRPR-ChooseParticipants-Output]]></rnode:outputChain>
    <rnode:merge/>
    <rnode:subRouteVariables/>
    <rnode:taskAssignees/>
    <rnode:taskAssigneesExpr><![CDATA[workflowInitiator]]></rnode:taskAssigneesExpr>
    <rnode:taskY><![CDATA[138]]></rnode:taskY>
    <rnode:count/>
    <rnode:taskX><![CDATA[371]]></rnode:taskX>
    <rnode:taskAssigneesPermission><![CDATA[ReadWrite]]></rnode:taskAssigneesPermission>
    <rnode:subRouteInstanceId/>
    <rnode:taskDueDateExpr><![CDATA[CurrentDate.days(1)]]></rnode:taskDueDateExpr>
    <rnode:variablesFacet><![CDATA[facet-var_Task386]]></rnode:variablesFacet>
    <rnode:tasksInfo/>
    <rnode:endDate/>
    <rnode:allowTaskReassignment><![CDATA[false]]></rnode:allowTaskReassignment>
    <rnode:taskDueDate/>
    <rnode:inputChain><![CDATA[]]></rnode:inputChain>
    <rnode:taskDescription/>
    <rnode:hasTask><![CDATA[true]]></rnode:hasTask>
    <rnode:taskDirective><![CDATA[wf.ParallelDocumentReviewPermanentRights.chooseParticipants.directive]]></rnode:taskDirective>
    <rnode:subRouteModelExpr/>
    <rnode:escalationRules/>
  </schema>
</document>
