<?xml version="1.0" encoding="UTF-8"?>

<document repository="default" id="Task387">
  <system>
    <type>RouteNode</type>
    <path>ParallelDocumentReviewPermanentRights/Task387</path>
    <lifecycle-state>validated</lifecycle-state>
    <lifecycle-policy>documentRouteElement</lifecycle-policy>
    <facet>facet-var_Task387</facet>
    <access-control/>
  </system>
  <schema xmlns:var_Task387="http://www.nuxeo.org/ecm/project/schemas/project1-t-pedrotooler75/var_Task387" name="var_Task387">
    <var_Task387:assignees/>
    <var_Task387:comment/>
  </schema>
  <schema xmlns:dc="http://www.nuxeo.org/ecm/schemas/dublincore/" name="dublincore">
    <dc:creator/>
    <dc:source/>
    <dc:nature/>
    <dc:contributors/>
    <dc:created/>
    <dc:description><![CDATA[Thank you for aknowledging]]></dc:description>
    <dc:rights/>
    <dc:subjects/>
    <dc:publisher/>
    <dc:valid/>
    <dc:format/>
    <dc:issued/>
    <dc:modified/>
    <dc:language/>
    <dc:coverage/>
    <dc:expired/>
    <dc:lastContributor/>
    <dc:title><![CDATA[wf.ParallelDocumentReviewPermanentRights.give_opinion.title]]></dc:title>
  </schema>
  <schema xmlns:common="http://www.nuxeo.org/ecm/schemas/common/" name="common">
    <common:icon/>
    <common:icon-expanded/>
    <common:size/>
  </schema>
  <schema xmlns:rnode="http://www.nuxeo.org/ecm/schemas/route_node/" name="route_node">
    <rnode:lastActor/>
    <rnode:canceled/>
    <rnode:taskLayout><![CDATA[Task387@taskLayout]]></rnode:taskLayout>
    <rnode:taskButtons>
      <button>
        <name><![CDATA[NA]]></name>
        <label><![CDATA[wf.ParallelDocumentReviewPermanentRights.NA]]></label>
        <filter><![CDATA[]]></filter>
      </button>
      <button>
        <name><![CDATA[approve]]></name>
        <label><![CDATA[wf.ParallelDocumentReviewPermanentRights.approve]]></label>
        <filter><![CDATA[]]></filter>
      </button>
      <button>
        <name><![CDATA[reject]]></name>
        <label><![CDATA[wf.ParallelDocumentReviewPermanentRights.reject]]></label>
        <filter><![CDATA[]]></filter>
      </button>
    </rnode:taskButtons>
    <rnode:executeOnlyFirstTransition><![CDATA[false]]></rnode:executeOnlyFirstTransition>
    <rnode:stop><![CDATA[false]]></rnode:stop>
    <rnode:button/>
    <rnode:taskDocType><![CDATA[TaskDoc]]></rnode:taskDocType>
    <rnode:start><![CDATA[false]]></rnode:start>
    <rnode:startDate/>
    <rnode:taskNotificationTemplate><![CDATA[workflowTaskAssigned]]></rnode:taskNotificationTemplate>
    <rnode:transitions>
      <transition>
        <chain><![CDATA[NRD-AC-PRPR-storeTaskInfo]]></chain>
        <condition><![CDATA[true]]></condition>
        <name><![CDATA[automaticTask387]]></name>
        <targetId><![CDATA[Task381]]></targetId>
        <label><![CDATA[automatic]]></label>
      </transition>
    </rnode:transitions>
    <rnode:nodeId><![CDATA[Task387]]></rnode:nodeId>
    <rnode:hasMultipleTasks><![CDATA[true]]></rnode:hasMultipleTasks>
    <rnode:outputChain><![CDATA[]]></rnode:outputChain>
    <rnode:merge/>
    <rnode:subRouteVariables/>
    <rnode:taskAssignees/>
    <rnode:taskAssigneesExpr><![CDATA[WorkflowVariables["participants"]]]></rnode:taskAssigneesExpr>
    <rnode:taskY><![CDATA[274]]></rnode:taskY>
    <rnode:count/>
    <rnode:taskX><![CDATA[187]]></rnode:taskX>
    <rnode:taskAssigneesPermission><![CDATA[Read]]></rnode:taskAssigneesPermission>
    <rnode:subRouteInstanceId/>
    <rnode:taskDueDateExpr><![CDATA[WorkflowVariables["end_date"]]]></rnode:taskDueDateExpr>
    <rnode:variablesFacet><![CDATA[facet-var_Task387]]></rnode:variablesFacet>
    <rnode:tasksInfo/>
    <rnode:endDate/>
    <rnode:allowTaskReassignment><![CDATA[true]]></rnode:allowTaskReassignment>
    <rnode:taskDueDate/>
    <rnode:inputChain><![CDATA[]]></rnode:inputChain>
    <rnode:taskDescription/>
    <rnode:hasTask><![CDATA[true]]></rnode:hasTask>
    <rnode:taskDirective><![CDATA[wf.ParallelDocumentReviewPermanentRights.give_opinion.directive]]></rnode:taskDirective>
    <rnode:subRouteModelExpr/>
    <rnode:escalationRules>
      <escalation_rule>
        <multipleExecution><![CDATA[false]]></multipleExecution>
        <chain><![CDATA[NRD-AC-PRPR-force-validate**]]></chain>
        <condition><![CDATA[Fn.date(WorkflowVariables["end_date"]).days(1).calendar.compareTo(CurrentDate.calendar)<0]]></condition>
        <name><![CDATA[forceNext]]></name>
      </escalation_rule>
      <escalation_rule>
        <multipleExecution><![CDATA[false]]></multipleExecution>
        <chain><![CDATA[voidChain]]></chain>
        <condition><![CDATA[Fn.date(WorkflowVariables["reminderDate"]).days(1).calendar.compareTo(CurrentDate.calendar)<0]]></condition>
        <name><![CDATA[sendReminders]]></name>
      </escalation_rule>
    </rnode:escalationRules>
  </schema>
</document>
